tracker,dataset,subset,Segmentation,TRA,Accuracy,IDF1
ours,Fluo-N2DH-GOWT1,01,Ground Truth,0.998307
LAP Tracker,Fluo-N2DH-GOWT1,01,,,,
ours,Fluo-N2DH-GOWT1,01,Cellpose-Sam,0.982461
LAP Tracker,Fluo-N2DH-GOWT1,01,Cellpose-Sam,0.981255,,
ours,Fluo-N2DH-GOWT1,02,Ground Truth,0.998307
LAP Tracker,Fluo-N2DH-GOWT1,01,,,,
ours,Fluo-N2DH-GOWT1,02,Cellpose-Sam,0.940439
LAP Tracker,Fluo-N2DH-GOWT1,01,,,,
-,-,-,-,-,-,-
ours,Fluo-N2DL-HeLa,01,Ground Truth,0.993717
ours,Fluo-N2DL-HeLa,01,Cellpose-Sam,0.931157
ours,Fluo-N2DL-HeLa,02,Ground Truth,0.993168
ours,Fluo-N2DL-HeLa,02,Cellpose-Sam,0.951703
-,-,-,-,-,-,-
ours,PhC-C2DL-PSC,01,Ground Truth,0.939631,,
ours,PhC-C2DL-PSC,01,Cellpose-Sam,0.923641
ours,PhC-C2DL-PSC,01,Ground Truth,0.979356,,
ours,PhC-C2DL-PSC,02,Cellpose-Sam,0.923641